peptide,pseudogene_locus,matched_canonical_genes,gene_in_gtex,max_median_tpm,n_tissues_expr_ge1,in_HLA_Ligand_Atlas_normal,parent_ribosomal,gtex_expressed_ge1tpm,gtex_robust_ge10tpm,any_normal_evidence_measured
AEFVGVSHL,AC098859.1,NOB1,1,137.7,54,1,0,1,1,1
AEPEDHYFL,AC243972.2,"ACTR3,ACTR3B",1,167.6,54,0,0,1,1,1
ALSKEIYVI,ATP5PBP3,ATP5PB,1,172.6,54,0,0,1,1,1
AMMDLLVEL,AL772284.1,COBL,1,48.6,46,0,0,1,1,1
AQHDPLLTGV,GNG5P2,"GNG5,GNG5B",1,274.6,54,1,0,1,1,1
AQNYDIPNLAK,AC092447.9,STMP1,1,42.8,54,0,0,1,1,1
ATLVFDVELLK,FKBP1AP1,"FKBP1A,FKBP1C",1,437.2,54,0,0,1,1,1
DEVAFRKF,RPS3AP12,RPS3A,1,3147.2,54,1,1,1,1,1
DGKYSQVL,RPS18P13,RPS18,1,8284.5,54,1,1,1,1,1
DIKKILDSV,AP001024.1,RPLP2,1,3005.5,54,0,1,1,1,1
DSLYAQGK,AP001086.1,RPL36A,1,1148.4,54,0,1,1,1,1
EALPKQSV,BTF3P4,BTF3,1,1319.0,54,1,0,1,1,1
EEQKIVVKV,AL358472.1,RPL34,1,2204.1,54,0,1,1,1,1
ELTTKSSL,MKRN4P,"MKRN1,MKRN4P",1,113.4,54,0,0,1,1,1
EMLTKKSTL,SF3A3P1,SF3A3,1,64.4,54,1,0,1,1,1
ERADLIAYL,CYCSP49,CYCS,1,131.9,54,1,0,1,1,1
FYVPAEPKLAF,RPL7P26,RPL7,1,1656.6,54,0,1,1,1,1
GEEQNKEAL,AC092447.2,YWHAE,1,592.3,54,0,0,1,1,1
GRLTKHTKF,AC073626.2,RPL36,1,1540.8,54,1,1,1,1,1
HGVVPLATY,AC108022.1,RPL21,1,2224.4,54,0,1,1,1,1
HLNKGIKQV,GLULP4,GLUL,1,1170.8,54,0,0,1,1,1
HPADKDYGL,PPP1R2P10,PPP1R2,1,54.4,54,1,0,1,1,1
HQAEYELNI,AC087499.4,DEF8,1,102.1,54,1,0,1,1,1
IPENVDITL,AC013356.1,RPL9,1,4476.5,54,0,1,1,1,1
KERVEPHQL,AC109454.1,ATAT1,1,35.4,54,0,0,1,1,1
KIKSFVKVY,AL049830.1,RPL27,1,1721.7,54,1,1,1,1,1
KRHTPLSKL,SUMO2P8,"SUMO2,SUMO3",1,153.1,54,0,0,1,1,1
KSFSHSSSL,ZNF720P1,"ZNF135,ZNF256,ZNF483",1,17.7,53,0,0,1,1,1
KVQEPQGKAK,AL357373.1,VKORC1,1,306.7,54,0,0,1,1,1
LNFHVFLEY,SNX6P1,SNX6,1,101.6,54,1,0,1,1,1
LPEDLYHLI,AC013267.1,RPS13,1,2771.6,54,0,1,1,1,1
LQKMMVVAL,FAM8A6P,FAM8A1,1,49.5,54,0,0,1,1,1
REIQTAVRL,HIST1H2BPS2,"H2BC1,H2BC11,H2BC12,H2BC12L,H2BC13,H2BC14,H2BC15,H2BC17,H2BC18,H2BC21,H2BC3,H2BC4,H2BC5,H2BC9",1,200.2,54,1,0,1,1,1
SDEMVVELIEKNLETP,AK2P2,AK2,1,137.5,54,0,0,1,1,1
SDTLSSAEENEPSQAETA,AC104131.1,ARK2N,1,28.2,54,0,0,1,1,1
SLAGDVALQQL,NCAPD2P1,NCAPD2,1,123.2,54,1,0,1,1,1
SRLKSILKL,AC009302.1,LLPH,1,13.0,54,1,0,1,1,1
SRTNRPPLSL,RPL18P13,RPL18,1,2269.1,54,0,1,1,1,1
SVNPNCYAK,EZH2P1,"EZH1,EZH2",1,143.0,54,0,0,1,1,1
TLYNPERTITVK,AC092447.1,"IGF2BP1,IGF2BP3",1,22.9,4,0,0,1,1,1
TTNDIVISK,AC007238.1,IK,1,218.2,54,1,0,1,1,1
VRKSASPEV,RNASEH1P1,RNASEH1,1,33.3,54,0,0,1,1,1
YDVTRNSY,HOMER2P2,HOMER2,1,24.0,39,0,0,1,1,1
