peptide,locus,cohort,lncrna_ensg,ensg_route,in_gtex,max_median_tpm,n_tissues_expr_ge1,testis_tpm,specificity_category
AAAPRGPVL,AC090282.1,Raja,ENSG00000261848,Raja/ENST->ENSG,1,0.21,0,0.21,normal-silent
AAKPTPVVF,AL357060.1,Raja,ENSG00000237499,Raja/ENST->ENSG,1,8.46,25,2.20,other-restricted
AAPGANRLPP,DLX2-DT,HCC,ENSG00000236651,HCC/S23.gene_id,1,1.72,1,1.72,testis-restricted-CTA
ACQSLVRQL,STRA6LP,Raja,ENSG00000255036,Raja/ENST->ENSG,0,0.00,0,0.00,unresolved
AEAIKAWTA,LINC02228,HCC,ENSG00000251273,HCC/S23.gene_id,1,8.47,1,8.47,testis-restricted-CTA
AFILAKVI,AC010983.1,HCC,ENSG00000235056,HCC/S23.gene_id,1,0.09,0,0.09,normal-silent
AILPRLAQ,LINC00937,Raja,ENSG00000226091,Raja/ENST->ENSG,1,6.06,5,0.71,other-restricted
ALAEVFHQL,AC108010.1,Raja,ENSG00000242588,Raja/ENST->ENSG,0,0.00,0,0.00,unresolved
ALLSKQQTVLK,AC024230.1,HCC,ENSG00000248515,HCC/S23.gene_id,1,0.47,0,0.47,normal-silent
ANRPPTQAL,SMIM25,Raja,ENSG00000224397,Raja/ENST->ENSG,1,110.52,18,0.14,other-restricted
APANRPPTQAL,SMIM25,Raja,ENSG00000224397,Raja/ENST->ENSG,1,110.52,18,0.14,other-restricted
APELQVAQV,AC020916.1,Raja,ENSG00000267519,Raja/ENST->ENSG,1,112.99,54,7.10,broad-RISK
APHGYPISL,LINC01535,Raja,ENSG00000226686,Raja/ENST->ENSG,1,5.09,24,3.45,other-restricted
APPSFPGASPAADGHLGAQ,AC093833.1,HCC,ENSG00000231054,HCC/S23.gene_id,1,0.37,0,0.13,normal-silent
APRASPAL,AL590822.2,Raja,ENSG00000271806,Raja/ENST->ENSG,1,3.63,3,3.63,testis-restricted-CTA
APWAPPLRL,AL031282.2,Raja,ENSG00000268575,Raja/ENST->ENSG,0,0.00,0,0.00,unresolved
AQWITPVI,LINC01249,HCC,ENSG00000231532,HCC/S23.gene_id,1,11.89,1,11.89,testis-restricted-CTA
ASCAGTIRK,LINC02241,HCC,ENSG00000251629,HCC/S23.gene_id,1,6.39,1,6.39,testis-restricted-CTA
ASISVPLSMK,PAXIP1-AS2,Raja,ENSG00000214106,Raja/ENST->ENSG,1,9.09,51,3.21,broad-RISK
ASPSAIIVI,AC090578.1,HCC,ENSG00000253553,HCC/S23.gene_id,1,0.41,0,0.07,normal-silent
AVPPARPGL,DNM1P35,Raja,ENSG00000246877,Raja/ENST->ENSG,1,4.14,11,2.98,other-restricted
AVTPVLTTTTK,AP003900.1,HCC,ENSG00000277693,HCC/S23.gene_id,1,0.68,0,0.68,normal-silent
CMAPGEILI,AC079062.1,HCC,ENSG00000263711,HCC/S23.gene_id,1,2.56,1,2.56,testis-restricted-CTA
DADPVHRII,LINC00471,Raja,ENSG00000181798,Raja/ENST->ENSG,1,4.49,10,4.49,other-restricted
DAIEKVLLK,AC107419.1,HCC,ENSG00000228933,HCC/S23.gene_id,1,0.49,0,0.49,normal-silent
DAVIEAKSL,AC079466.1,HCC,ENSG00000266976,HCC/S23.gene_id,1,0.17,0,0.05,normal-silent
DEHLPISSHF,AC004949.1,HCC,ENSG00000283117,HCC/S23.gene_id,1,0.37,0,0.37,normal-silent
DFGASLLGAEF,PCBP1-AS1,Raja,ENSG00000179818,Raja/ENST->ENSG,1,7.72,52,7.23,broad-RISK
DGINMRLL,AC104699.1,Raja,ENSG00000224220,Raja/ENST->ENSG,1,66.03,3,0.30,other-restricted
DHSKVLTIL,AC010615.2,Raja,ENSG00000268119,Raja/ENST->ENSG,1,6.96,12,2.55,other-restricted
DIAGVTWPR,LINC02432,Raja,ENSG00000248810,Raja/ENST->ENSG,1,3.15,4,0.84,other-restricted
DRTLTLAI,XIST,Raja,-,-,0,0.00,0,0.00,unresolved
DTLAETGYF,LINC02735,HCC,ENSG00000255433,HCC/S23.gene_id,1,0.06,0,0.03,normal-silent
EAVGFQPPR,LINC00221,HCC,ENSG00000270816,HCC/S23.gene_id,1,7.95,1,7.95,testis-restricted-CTA
EAVRVSGVL,AL390198.1,Raja,-,-,0,0.00,0,0.00,unresolved
EAWTSAHWR,SNHG7,Raja,ENSG00000233016,Raja/ENST->ENSG,1,71.68,54,21.30,broad-RISK
EDFFKENY,LINC01376,Raja,-,-,0,0.00,0,0.00,unresolved
EDHVAGPQL,STAG3L5P-PVRIG2P-PILRB,Raja,ENSG00000272752,Raja/ENST->ENSG,0,0.00,0,0.00,unresolved
EEKLQPLYL,AC025171.2,Raja,ENSG00000215068,Raja/ENST->ENSG,1,8.21,36,5.05,broad-RISK
EEWENGYCY,AL049552.1,Raja,ENSG00000234084,Raja/ENST->ENSG,1,9.29,35,2.32,broad-RISK
EGRFLSLTV,CRYZL2P-SEC16B,Raja,ENSG00000254154,Raja/ENST->ENSG,0,0.00,0,0.00,unresolved
EKRSFGIGSA,LINC02109,HCC,ENSG00000259786,HCC/S23.gene_id,1,11.66,1,11.66,testis-restricted-CTA
ELHLQSEFH,AC104041.1,Raja,ENSG00000259692,Raja/ENST->ENSG,1,0.20,0,0.15,normal-silent
ESAGIELAFL,TUSC8,Raja,ENSG00000237361,Raja/ENST->ENSG,1,7.14,6,0.43,other-restricted
ESCYIAPAGL,AC006452.1,Raja,-,-,0,0.00,0,0.00,unresolved
ESDGDKQVKRW,AC121342.1,HCC,ENSG00000233403,HCC/S23.gene_id,1,0.16,0,0.16,normal-silent
ESDVSSALSY,SMURF2P1-LRRC37BP1,Raja,ENSG00000214719,Raja/ENST->ENSG,1,0.15,0,0.15,normal-silent
ESEVTCSNSL,PLAC4,Raja,ENSG00000225745,Raja/ENST->ENSG,1,0.30,0,0.00,normal-silent
ESLSCRDIY,MAGI2-AS3,Raja,ENSG00000234456,Raja/ENST->ENSG,1,25.17,51,2.54,broad-RISK
ESRNPSTSA,AP005262.2,HCC,ENSG00000266602,HCC/S23.gene_id,1,1.00,1,1.00,testis-restricted-CTA
EVAALGAEGL,AC068587.4,Raja,ENSG00000283674,Raja/ENST->ENSG,1,13.88,25,0.60,other-restricted
EVIKVIKTY,AC099518.4,HCC,ENSG00000261465,HCC/S23.gene_id,1,10.21,1,10.21,testis-restricted-CTA
EVVEQRLL,STAG3L5P-PVRIG2P-PILRB,Raja,ENSG00000272752,Raja/ENST->ENSG,0,0.00,0,0.00,unresolved
EYNNIFHTF,AC092821.3,Raja,-,-,0,0.00,0,0.00,unresolved
FHGLDFIV,NR2F1-AS1,Raja,ENSG00000237187,Raja/ENST->ENSG,1,15.04,40,6.34,broad-RISK
FLGLSDLPTL,KCNMB2-AS1,HCC,ENSG00000237978,HCC/S23.gene_id,1,0.22,0,0.20,normal-silent
FLTLQVHGA,AC079466.1,HCC,-,-,0,0.00,0,0.00,unresolved
GCLDPRVKGG,AL590822.2,Raja,ENSG00000271806,Raja/ENST->ENSG,1,3.63,3,3.63,testis-restricted-CTA
GKAVHLRK,LINC01556,HCC,ENSG00000204709,HCC/S23.gene_id,1,2.45,1,2.45,testis-restricted-CTA
GLGHLGLGLY,AC106017.2,Raja,ENSG00000281856,Raja/ENST->ENSG,1,0.03,0,0.00,normal-silent
GLGPGRDAL,ID2-AS1,Raja,ENSG00000235092,Raja/ENST->ENSG,1,3.60,14,2.67,other-restricted
GLNALIFHL,AC068025.1,Raja,ENSG00000264808,Raja/ENST->ENSG,1,4.33,1,4.33,testis-restricted-CTA
GLRGASGLQK,BX119904.2,HCC,ENSG00000230159,HCC/S23.gene_id,1,36.88,1,36.88,testis-restricted-CTA
GLRRATAGGL,AC135279.4,HCC,ENSG00000277895,HCC/S23.gene_id,1,1.26,1,1.26,testis-restricted-CTA
GLWNLSGETLV,LINC00893,Raja,ENSG00000241769,Raja/ENST->ENSG,1,59.51,53,15.42,broad-RISK
GPGAGLSLLS,AC020663.4,Raja,-,-,0,0.00,0,0.00,unresolved
GPTGIETSP,AC023824.5,HCC,ENSG00000261800,HCC/S23.gene_id,1,10.50,1,10.50,testis-restricted-CTA
GPVRLWGLC,AC137932.3,Raja,ENSG00000268218,Raja/ENST->ENSG,1,6.74,46,3.36,broad-RISK
GQDGLKLLT,CASC20,HCC,ENSG00000229876,HCC/S23.gene_id,1,0.11,0,0.08,normal-silent
GRPCEETTKQAL,AC096711.3,Raja,ENSG00000251598,Raja/ENST->ENSG,1,0.00,0,0.00,normal-silent
GSLRKPLLK,LINC01031,HCC,ENSG00000232077,HCC/S23.gene_id,1,0.38,0,0.30,normal-silent
GTEDNYTYWAY,TMCC1-AS1,Raja,ENSG00000271270,Raja/ENST->ENSG,1,4.01,26,1.64,other-restricted
GTFLASLLNI,G2E3-AS1,HCC,ENSG00000257636,HCC/S23.gene_id,1,1.31,1,1.31,testis-restricted-CTA
HASVRPSIP,MMP25-AS1,Raja,ENSG00000261971,Raja/ENST->ENSG,1,33.79,53,12.20,broad-RISK
HHTQLIFNF,AC239809.3,Raja,ENSG00000227733,Raja/ENST->ENSG,1,2.55,1,2.55,testis-restricted-CTA
HIPGPVGSGL,AC011445.1,Raja,ENSG00000268262,Raja/ENST->ENSG,1,11.28,20,0.48,other-restricted
HISMKKKKM,AC092944.1,Raja,ENSG00000243176,Raja/ENST->ENSG,1,4.44,5,4.44,testis-restricted-CTA
HLAEVVWFTI,AP003392.11,Raja,-,-,0,0.00,0,0.00,unresolved
HLGGNTLAF,AC010643.1,Raja,ENSG00000268686,Raja/ENST->ENSG,1,19.20,1,19.20,testis-restricted-CTA
HLLGPSGSHL,LINC01587,Raja,ENSG00000082929,Raja/ENST->ENSG,1,0.93,0,0.93,normal-silent
HLLPLPLSL,AC010655.2,Raja,ENSG00000240758,Raja/ENST->ENSG,0,0.00,0,0.00,unresolved
HLSFLIRPY,AL109763.1,HCC,ENSG00000228708,HCC/S23.gene_id,1,0.13,0,0.13,normal-silent
HLWHSATSL,LINC01287,HCC,-,-,0,0.00,0,0.00,unresolved
HPRSLSQYSHL,LINC01336,Raja,ENSG00000250889,Raja/ENST->ENSG,1,1.47,3,1.47,testis-restricted-CTA
HQGVSTPYTL,XIST,Raja,-,-,0,0.00,0,0.00,unresolved
HQITNLEHF,AC009271.1,Raja,ENSG00000267327,Raja/ENST->ENSG,1,0.64,0,0.09,normal-silent
HRARSIFIF,LINC00963,Raja,ENSG00000204054,Raja/ENST->ENSG,1,23.12,53,4.17,broad-RISK
HTVQWWLKK,FGD5-AS1,Raja,ENSG00000225733,Raja/ENST->ENSG,1,139.86,54,51.52,broad-RISK
HVVNHLDER,DSCR4,HCC,ENSG00000184029,HCC/S23.gene_id,1,0.91,0,0.91,normal-silent
IDLFIPHS,VPS13A-AS1,HCC,ENSG00000232998,HCC/S23.gene_id,1,29.26,1,29.26,testis-restricted-CTA
IEKKKKPN,LINC02616,HCC,ENSG00000261761,HCC/S23.gene_id,1,0.84,0,0.84,normal-silent
IFLKKHFLF,DHRS4-AS1,Raja,ENSG00000215256,Raja/ENST->ENSG,1,19.46,54,6.37,broad-RISK
IFQEFTNSL,BX470209.2,HCC,ENSG00000236507,HCC/S23.gene_id,1,0.00,0,0.00,normal-silent
IGNRLPNI,MIR133A1HG,Raja,ENSG00000265142,Raja/ENST->ENSG,1,6.41,3,0.07,other-restricted
IILSKLLQ,KCNMB2-AS1,Raja,ENSG00000237978,Raja/ENST->ENSG,1,0.22,0,0.20,normal-silent
IPGALRNPSL,DGCR9,Raja,ENSG00000273032,Raja/ENST->ENSG,1,58.51,17,15.47,other-restricted
IQAFNTVNF,AF117829.1,Raja,ENSG00000251136,Raja/ENST->ENSG,1,4.88,39,3.30,broad-RISK
KEVTLGQII,AF117829.1,Raja,ENSG00000251136,Raja/ENST->ENSG,1,4.88,39,3.30,broad-RISK
KGKKSEDGALR,LNCAROD,HCC,ENSG00000231131,HCC/S23.gene_id,1,0.24,0,0.00,normal-silent
KGRRRNKRKLRGN,LINC02105,HCC,ENSG00000250447,HCC/S23.gene_id,1,3.85,1,3.85,testis-restricted-CTA
KHIRRAPT,AC097512.1,HCC,ENSG00000248837,HCC/S23.gene_id,1,3.51,1,3.51,testis-restricted-CTA
KLKYLTFS,LINC01029,HCC,ENSG00000265843,HCC/S23.gene_id,1,2.06,1,2.06,testis-restricted-CTA
KLPGGPKL,KCNQ1OT1,Raja,ENSG00000269821,Raja/ENST->ENSG,1,2.79,8,0.67,other-restricted
KLPLLSDRF,AC106869.1,Raja,ENSG00000234690,Raja/ENST->ENSG,1,2.30,12,0.64,other-restricted
KLPPDLTGV,WDR86-AS1,Raja,ENSG00000243836,Raja/ENST->ENSG,1,19.13,24,0.50,other-restricted
KNNKQTNKY,PPP1R26-AS1,Raja,ENSG00000225361,Raja/ENST->ENSG,1,5.01,25,5.01,other-restricted
KPNKQTIF,RFX3-AS1,Raja,ENSG00000232104,Raja/ENST->ENSG,1,7.53,38,7.53,broad-RISK
KPSKGLGVGL,AC112206.2,Raja,ENSG00000249364,Raja/ENST->ENSG,1,5.46,3,2.40,testis-restricted-CTA
KPWSSGIQPK,ERVMER61-1,HCC,ENSG00000230426,HCC/S23.gene_id,1,0.05,0,0.05,normal-silent
KQITLHNVGGP,AL356599.1,Raja,ENSG00000235652,Raja/ENST->ENSG,1,4.19,39,1.66,broad-RISK
KSWAYTVTK,NOP14-AS1,Raja,ENSG00000249673,Raja/ENST->ENSG,1,10.39,54,7.73,broad-RISK
KTDKNPKNK,AC108062.1,Raja,ENSG00000251432,Raja/ENST->ENSG,1,8.41,34,6.84,broad-RISK
KTQSHIYVFK,AC016723.1,HCC,ENSG00000235335,HCC/S23.gene_id,1,0.35,0,0.35,normal-silent
KTVTVVQIR,AC132807.2,HCC,ENSG00000274840,HCC/S23.gene_id,1,0.13,0,0.13,normal-silent
KVVNCLLYKL,TP53TG1,Raja,ENSG00000182165,Raja/ENST->ENSG,1,23.26,54,8.39,broad-RISK
KYPNGKINK,AC015712.2,Raja,ENSG00000259583,Raja/ENST->ENSG,1,9.29,32,6.09,broad-RISK
LADLKRIWG,AC010595.1,HCC,ENSG00000250874,HCC/S23.gene_id,1,0.03,0,0.03,normal-silent
LAEQLAHLF,AC000035.1,HCC,ENSG00000282816,HCC/S23.gene_id,1,0.00,0,0.00,normal-silent
LAKERVQNTCLIGQ,AC011840.1,HCC,ENSG00000231421,HCC/S23.gene_id,1,5.59,1,5.59,testis-restricted-CTA
LASAHTLLY,C3orf35,Raja,-,-,0,0.00,0,0.00,unresolved
LDPPRLKRSSHLSLQ,AC090192.2,HCC,ENSG00000253227,HCC/S23.gene_id,1,0.29,0,0.07,normal-silent
LEGPVLPMP,AC022092.1,HCC,ENSG00000249639,HCC/S23.gene_id,1,4.49,1,4.49,testis-restricted-CTA
LGGPGGARVAF,AL591485.1,Raja,-,-,0,0.00,0,0.00,unresolved
LGLATGIAL,LINC02547,HCC,ENSG00000254486,HCC/S23.gene_id,1,0.05,0,0.02,normal-silent
LGLSDLKAV,TMCC1-AS1,Raja,ENSG00000271270,Raja/ENST->ENSG,1,4.01,26,1.64,other-restricted
LGSPFWKVSL,APTR,Raja,ENSG00000214293,Raja/ENST->ENSG,1,23.27,54,20.06,broad-RISK
LHSLLSLI,AL109807.1,HCC,ENSG00000238034,HCC/S23.gene_id,1,0.25,0,0.25,normal-silent
LLPRLLIVL,AC100827.3,Raja,ENSG00000260534,Raja/ENST->ENSG,0,0.00,0,0.00,unresolved
LLRDGVLLY,AP000829.1,HCC,ENSG00000263551,HCC/S23.gene_id,1,0.41,0,0.41,normal-silent
LPASASKVL,AL031429.1,Raja,ENSG00000235782,Raja/ENST->ENSG,1,1.22,1,0.08,other-restricted
LPFHIPIL,SNHG7,Raja,ENSG00000233016,Raja/ENST->ENSG,1,71.68,54,21.30,broad-RISK
LPHTAHLYL,LINC01675,HCC,ENSG00000234142,HCC/S23.gene_id,1,0.47,0,0.33,normal-silent
LPQETRIPL,SNHG18,Raja,ENSG00000250786,Raja/ENST->ENSG,1,39.65,49,3.05,broad-RISK
LQTMSGPGAV,LINC00937,Raja,ENSG00000226091,Raja/ENST->ENSG,1,6.06,5,0.71,other-restricted
LRRQYPKS,FAM66A,Raja,ENSG00000227888,Raja/ENST->ENSG,1,1.54,9,1.23,other-restricted
LSALPHSSW,LINC00355,HCC,ENSG00000227674,HCC/S23.gene_id,1,0.70,0,0.70,normal-silent
LSLSVLQFL,LINC00632,Raja,-,-,0,0.00,0,0.00,unresolved
LSTSHVAAAKQLSTTPA,AC129102.1,HCC,ENSG00000256879,HCC/S23.gene_id,1,0.00,0,0.00,normal-silent
LTHNTIIIL,KCNMB2-AS1,Raja,ENSG00000237978,Raja/ENST->ENSG,1,0.22,0,0.20,normal-silent
LVDRVSLCY,AC021683.2,Raja,ENSG00000267506,Raja/ENST->ENSG,1,3.63,9,0.12,other-restricted
MHISSDIKWHL,MAGI2-AS3,Raja,ENSG00000234456,Raja/ENST->ENSG,1,25.17,51,2.54,broad-RISK
MKKEFKETLW,AL157778.1,HCC,ENSG00000281566,HCC/S23.gene_id,1,0.13,0,0.13,normal-silent
MKLQMVLQMEPQVTT,AC092112.1,HCC,ENSG00000256084,HCC/S23.gene_id,1,0.48,0,0.00,normal-silent
MLFSFPFLK,AC016876.2,Raja,ENSG00000264772,Raja/ENST->ENSG,0,0.00,0,0.00,unresolved
MLQCTLLLE,LINC01758,HCC,ENSG00000229639,HCC/S23.gene_id,1,0.17,0,0.17,normal-silent
MPRFIQQATAL,AC016876.2,Raja,ENSG00000264772,Raja/ENST->ENSG,0,0.00,0,0.00,unresolved
MPSPIDHPR,AC106771.1,HCC,ENSG00000248783,HCC/S23.gene_id,1,1.75,1,1.75,testis-restricted-CTA
MPVAPLSQM,MIR4527HG,HCC,ENSG00000267761,HCC/S23.gene_id,1,0.29,0,0.07,normal-silent
MVWEGHPRER,AC011294.1,HCC,ENSG00000233539,HCC/S23.gene_id,1,0.24,0,0.03,normal-silent
MYNLIPEHF,AC092279.1,Raja,ENSG00000268362,Raja/ENST->ENSG,1,8.64,43,2.58,broad-RISK
NEAQSLSF,LINC00893,Raja,ENSG00000241769,Raja/ENST->ENSG,1,59.51,53,15.42,broad-RISK
NIIIRNIYL,NDUFV2-AS1,Raja,ENSG00000266053,Raja/ENST->ENSG,1,51.39,52,51.39,broad-RISK
NLSWPCLSTELQ,AC068473.1,Raja,ENSG00000178412,Raja/ENST->ENSG,1,3.92,1,3.92,testis-restricted-CTA
NVRNVGNTL,AC005614.4,Raja,-,-,0,0.00,0,0.00,unresolved
PAAVPPGPAL,SLC9A3-AS1,Raja,ENSG00000225138,Raja/ENST->ENSG,1,90.90,54,90.90,broad-RISK
PCRQGTSGASAP,AC104002.3,HCC,ENSG00000259168,HCC/S23.gene_id,1,0.00,0,0.00,normal-silent
PLGRLPLL,SLC2A1-AS1,Raja,ENSG00000227533,Raja/ENST->ENSG,1,5.94,35,1.45,broad-RISK
PLTFLNNLD,LINC01019,HCC,ENSG00000248118,HCC/S23.gene_id,1,3.92,1,3.92,testis-restricted-CTA
PRSKNSGGGIQ,WT1-AS,Raja,ENSG00000183242,Raja/ENST->ENSG,1,24.11,12,2.90,other-restricted
PSIPAGALL,AC092171.2,Raja,ENSG00000230733,Raja/ENST->ENSG,1,27.49,54,6.12,broad-RISK
PSLLSPVTL,RBFADN,Raja,ENSG00000261126,Raja/ENST->ENSG,1,4.13,17,2.15,other-restricted
PSLPGNACGL,LINC01237,Raja,ENSG00000233806,Raja/ENST->ENSG,1,7.36,21,0.91,other-restricted
PSLQVSVSF,LINC01376,Raja,-,-,0,0.00,0,0.00,unresolved
PSLVPISLSWSSSLAQMESQF,AC093895.1,HCC,ENSG00000249001,HCC/S23.gene_id,1,1.07,1,1.07,testis-restricted-CTA
QARAPITL,LINC01719,Raja,ENSG00000233396,Raja/ENST->ENSG,1,4.53,6,0.71,other-restricted
QGAVHTSNY,ITGA9-AS1,Raja,ENSG00000235257,Raja/ENST->ENSG,1,4.82,43,1.76,broad-RISK
QKGQNIQSI,AC005537.1,HCC,ENSG00000232006,HCC/S23.gene_id,1,0.46,0,0.27,normal-silent
QLDLKQQLQL,AC112206.2,Raja,ENSG00000249364,Raja/ENST->ENSG,1,5.46,3,2.40,testis-restricted-CTA
QPIEQDLI,KU-MEL-3,Raja,ENSG00000205444,Raja/ENST->ENSG,1,1.23,2,0.17,other-restricted
QPRILTRHI,AC010618.3,Raja,ENSG00000269439,Raja/ENST->ENSG,1,4.61,48,4.43,broad-RISK
QPVLAELL,LINC00174,Raja,ENSG00000179406,Raja/ENST->ENSG,1,46.01,54,46.01,broad-RISK
QQSGGVLLLL,SNHG7,Raja,ENSG00000233016,Raja/ENST->ENSG,1,71.68,54,21.30,broad-RISK
QSVNNLAK,LINC01184,Raja,ENSG00000245937,Raja/ENST->ENSG,1,11.88,53,4.41,broad-RISK
QTQQKEET,LINC02377,HCC,ENSG00000250102,HCC/S23.gene_id,1,2.95,1,2.95,testis-restricted-CTA
QVLNQLAPV,AL137793.1,Raja,ENSG00000236975,Raja/ENST->ENSG,1,2.55,2,0.90,other-restricted
QVVDLTGTI,AL356234.2,HCC,ENSG00000230533,HCC/S23.gene_id,1,3.90,1,3.90,testis-restricted-CTA
RAVLPLLI,RPL34-AS1,Raja,ENSG00000234492,Raja/ENST->ENSG,1,1.41,1,1.41,testis-restricted-CTA
RIAKIASWSF,AL136018.1,HCC,ENSG00000258657,HCC/S23.gene_id,1,0.21,0,0.21,normal-silent
RLPWPAIKL,LINC00963,Raja,ENSG00000204054,Raja/ENST->ENSG,1,23.12,53,4.17,broad-RISK
RLSLPIFLK,TPT1-AS1,Raja,ENSG00000170919,Raja/ENST->ENSG,1,23.26,54,23.26,broad-RISK
RMCILTDCFSFALIT,TMEM132D-AS1,HCC,ENSG00000249196,HCC/S23.gene_id,1,7.32,1,7.32,testis-restricted-CTA
RNEPVKLVVL,AC015712.6,Raja,-,-,0,0.00,0,0.00,unresolved
RNIVRPYVY,ITGA9-AS1,Raja,ENSG00000235257,Raja/ENST->ENSG,1,4.82,43,1.76,broad-RISK
RNLDPLPV,CRYZL2P-SEC16B,Raja,ENSG00000254154,Raja/ENST->ENSG,0,0.00,0,0.00,unresolved
RPAAWPVRL,CTBP1-DT,Raja,ENSG00000196810,Raja/ENST->ENSG,1,8.18,53,3.78,broad-RISK
RPAPLGNREL,FGD5-AS1,Raja,ENSG00000225733,Raja/ENST->ENSG,1,139.86,54,51.52,broad-RISK
RPGRPPFSRL,SLC9A3-AS1,Raja,ENSG00000225138,Raja/ENST->ENSG,1,90.90,54,90.90,broad-RISK
RPLQASLPPA,AL662884.3,Raja,-,-,0,0.00,0,0.00,unresolved
RPRAQGGVR,AC011445.1,Raja,ENSG00000268262,Raja/ENST->ENSG,1,11.28,20,0.48,other-restricted
RPRLGNRPSL,ZNF790-AS1,Raja,ENSG00000267254,Raja/ENST->ENSG,1,9.45,50,7.99,broad-RISK
RPRLSGMHSF,GLIDR,Raja,ENSG00000278175,Raja/ENST->ENSG,1,2.01,6,0.73,other-restricted
RPRPPVGSV,EIF3J-DT,Raja,ENSG00000179523,Raja/ENST->ENSG,1,21.54,54,11.94,broad-RISK
RPRYGSGRGEL,LINC01948,Raja,ENSG00000248727,Raja/ENST->ENSG,1,3.26,8,1.45,other-restricted
RPSSPGATAV,LINC02167,Raja,ENSG00000261122,Raja/ENST->ENSG,1,0.43,0,0.43,normal-silent
RQTGLSRLY,NNT-AS1,Raja,ENSG00000248092,Raja/ENST->ENSG,1,11.20,53,2.62,broad-RISK
RQVRKSWGAQLS,AC010210.1,Raja,ENSG00000250608,Raja/ENST->ENSG,1,3.88,3,1.20,testis-restricted-CTA
RRGPAGLGR,LINC02211,HCC,ENSG00000245662,HCC/S23.gene_id,1,2.87,1,2.87,testis-restricted-CTA
RRSAASLLSQRPRT,LINC02506,HCC,ENSG00000251129,HCC/S23.gene_id,1,0.97,0,0.97,normal-silent
RTLAVSVTALK,AL513283.1,Raja,ENSG00000228536,Raja/ENST->ENSG,1,5.67,6,0.20,other-restricted
RVHGFILEV,LINC01419,HCC,-,-,0,0.00,0,0.00,unresolved
RYISQSGLKLL,AC106791.1,Raja,ENSG00000250159,Raja/ENST->ENSG,1,3.29,24,3.02,other-restricted
SAYKLQPL,AC010760.1,Raja,ENSG00000260739,Raja/ENST->ENSG,1,0.00,0,0.00,normal-silent
SFYVTGLLLHIMFSAL,LINC01980,HCC,ENSG00000225548,HCC/S23.gene_id,1,1.29,1,1.29,testis-restricted-CTA
SICLPPQFL,LINC00539,Raja,ENSG00000224429,Raja/ENST->ENSG,1,4.44,9,4.44,other-restricted
SIMENLLQY,AC092821.3,Raja,-,-,0,0.00,0,0.00,unresolved
SIRELHPDLDLDN,AL139042.1,HCC,ENSG00000234426,HCC/S23.gene_id,1,0.44,0,0.00,normal-silent
SISEAGGSGFEFRLDPG,AL356234.3,HCC,ENSG00000283265,HCC/S23.gene_id,1,0.17,0,0.00,normal-silent
SISVPLSMK,PAXIP1-AS2,Raja,ENSG00000214106,Raja/ENST->ENSG,1,9.09,51,3.21,broad-RISK
SLGQVGISL,CLLU1,HCC,ENSG00000257127,HCC/S23.gene_id,1,0.26,0,0.01,normal-silent
SLLQPETPGLK,ZSCAN16-AS1,Raja,ENSG00000269293,Raja/ENST->ENSG,1,24.28,54,19.50,broad-RISK
SLLSLTQKGNSL,AC022031.2,HCC,ENSG00000267284,HCC/S23.gene_id,1,0.32,0,0.32,normal-silent
SLSASVLSLL,LINC02593,Raja,ENSG00000223764,Raja/ENST->ENSG,1,25.15,34,4.53,broad-RISK
SLSLQRWPFW,LINC02184,HCC,ENSG00000260854,HCC/S23.gene_id,1,3.42,1,3.42,testis-restricted-CTA
SPASLRGL,LINC01278,Raja,ENSG00000235437,Raja/ENST->ENSG,1,63.42,54,8.10,broad-RISK
SPDSHRLLTV,FP671120.1,Raja,ENSG00000278996,HCC/S23.gene_id,1,0.05,0,0.00,normal-silent
SPEVRSLSL,LINC00598,Raja,ENSG00000215483,Raja/ENST->ENSG,1,1.39,2,0.90,other-restricted
SPFLGGFPSL,PCBP1-AS1,Raja,ENSG00000179818,Raja/ENST->ENSG,1,7.72,52,7.23,broad-RISK
SPILNRIL,AP000446.1,Raja,ENSG00000255234,Raja/ENST->ENSG,1,4.31,3,4.31,testis-restricted-CTA
SPLLLNQI,LINC01091,Raja,ENSG00000249464,Raja/ENST->ENSG,1,0.44,0,0.21,normal-silent
SPRTTTSTEL,OBSCN-AS1,Raja,-,-,0,0.00,0,0.00,unresolved
SPSSASLTL,AC116049.2,HCC,ENSG00000249413,HCC/S23.gene_id,1,0.45,0,0.45,normal-silent
SPSSPNTSSQVL,RERG-AS1,Raja,ENSG00000255660,Raja/ENST->ENSG,1,0.70,0,0.00,normal-silent
SPSTSRVAL,AC114271.1,Raja,ENSG00000274425,Raja/ENST->ENSG,1,17.66,43,17.66,broad-RISK
SQVRLLLH,LINC01287,HCC,ENSG00000234722,HCC/S23.gene_id,1,0.55,0,0.55,normal-silent
SRIPVQQGDCL,AC015908.7,Raja,-,-,0,0.00,0,0.00,unresolved
STNTLSSLK,AC092598.1,HCC,ENSG00000223523,HCC/S23.gene_id,1,1.80,1,1.80,testis-restricted-CTA
STRITCGYVSR,AC243965.2,HCC,ENSG00000275552,HCC/S23.gene_id,1,0.44,0,0.39,normal-silent
SVGDLMAPR,FAM230C,HCC,ENSG00000279516,HCC/S23.gene_id,1,7.96,1,7.96,testis-restricted-CTA
SVRTGSFSW,AC009118.2,HCC,ENSG00000276131,HCC/S23.gene_id,1,0.00,0,0.00,normal-silent
TAGWQVKAF,RMST,Raja,ENSG00000255794,Raja/ENST->ENSG,1,87.34,9,1.34,other-restricted
TAPWGLTGL,AC106795.2,Raja,ENSG00000249684,Raja/ENST->ENSG,1,16.59,20,13.75,other-restricted
TATRVIVQV,ZNF236-DT,Raja,ENSG00000264278,Raja/ENST->ENSG,1,3.88,48,2.11,broad-RISK
TEGAKNAETLY,AF117829.1,Raja,ENSG00000251136,Raja/ENST->ENSG,1,4.88,39,3.30,broad-RISK
TGAGHPTALIF,ERVMER61-1,Raja,-,-,0,0.00,0,0.00,unresolved
TGAGNLTISL,ZNF793-AS1,Raja,ENSG00000266916,Raja/ENST->ENSG,1,48.55,46,48.55,broad-RISK
TGMCHHAGL,PWRN1,Raja,ENSG00000259905,Raja/ENST->ENSG,1,28.29,7,28.29,other-restricted
TGPGSGENVL,AP000553.1,Raja,ENSG00000207751,Raja/ENST->ENSG,0,0.00,0,0.00,unresolved
TGTTRLGGV,AC006206.2,Raja,ENSG00000256417,Raja/ENST->ENSG,1,0.47,0,0.23,normal-silent
THSISTINI,HCG17,Raja,ENSG00000270604,Raja/ENST->ENSG,1,2.63,18,0.38,other-restricted
TISRLTMPQRTTGSP,AC006206.2,HCC,ENSG00000256417,HCC/S23.gene_id,1,0.47,0,0.23,normal-silent
TLCLVPCI,AL139260.2,Raja,ENSG00000273637,Raja/ENST->ENSG,0,0.00,0,0.00,unresolved
TLGGQGGPIAL,AL355076.2,Raja,ENSG00000258760,Raja/ENST->ENSG,1,1.30,1,0.00,other-restricted
TLGIADLQY,XIST,Raja,-,-,0,0.00,0,0.00,unresolved
TLKPDGHEPV,MIR4435-2HG,Raja,-,-,0,0.00,0,0.00,unresolved
TLRAMRRVP,AL357033.3,Raja,ENSG00000276317,Raja/ENST->ENSG,1,5.29,19,0.29,other-restricted
TLYHQLVFK,AC011899.2,Raja,ENSG00000233038,Raja/ENST->ENSG,1,4.02,3,0.58,other-restricted
TNFEIIRSY,AC124242.1,Raja,ENSG00000245281,Raja/ENST->ENSG,1,2.38,5,1.63,testis-restricted-CTA
TPAGARCGVL,AC093583.1,Raja,ENSG00000242048,Raja/ENST->ENSG,1,10.37,3,0.04,other-restricted
TPAQPQVGPAI,LINC00106,Raja,ENSG00000236871,Raja/ENST->ENSG,1,0.00,0,0.00,normal-silent
TPDIYNNSWY,AC007848.1,Raja,ENSG00000255983,Raja/ENST->ENSG,1,0.88,0,0.21,normal-silent
TPDSLLVPS,LINC01446,HCC,ENSG00000205628,HCC/S23.gene_id,1,0.58,0,0.58,normal-silent
TPGAPALSL,MIR646HG,Raja,ENSG00000228340,Raja/ENST->ENSG,1,4.43,2,4.43,testis-restricted-CTA
TPGGVRSPGL,AL669942.1,Raja,ENSG00000274628,Raja/ENST->ENSG,1,0.33,0,0.33,normal-silent
TPRSEDMSL,STRA6LP,Raja,ENSG00000255036,Raja/ENST->ENSG,0,0.00,0,0.00,unresolved
TPSDGLSQL,C7orf66,HCC,ENSG00000205174,HCC/S23.gene_id,1,5.05,1,5.05,testis-restricted-CTA
TQGRCLGQLCL,POLR2J4,Raja,ENSG00000214783,Raja/ENST->ENSG,0,0.00,0,0.00,unresolved
TQGRLNGIMY,AL133343.2,Raja,ENSG00000233293,Raja/ENST->ENSG,1,2.95,2,0.22,other-restricted
TQIRLHLL,AL357033.3,Raja,ENSG00000276317,Raja/ENST->ENSG,1,5.29,19,0.29,other-restricted
TRLSKLTHL,AC012501.2,HCC,ENSG00000227400,HCC/S23.gene_id,1,1.34,1,1.34,testis-restricted-CTA
TSDCEGGLLK,IQCH-AS1,Raja,ENSG00000259673,Raja/ENST->ENSG,1,5.68,42,2.90,broad-RISK
TSKPSSQRKG,AC134978.1,HCC,ENSG00000264334,HCC/S23.gene_id,1,0.45,0,0.45,normal-silent
TSLKLNTI,LINC02335,Raja,ENSG00000278630,Raja/ENST->ENSG,1,0.06,0,0.06,normal-silent
TTSPVQVYY,ZNF337-AS1,Raja,ENSG00000213742,Raja/ENST->ENSG,1,5.64,41,2.78,broad-RISK
TTVMVPSVP,MIR646HG,Raja,ENSG00000228340,Raja/ENST->ENSG,1,4.43,2,4.43,testis-restricted-CTA
TVDKGELLY,AC019117.1,Raja,ENSG00000236039,Raja/ENST->ENSG,1,3.07,3,2.49,testis-restricted-CTA
TVHSPESL,TTN-AS1,Raja,ENSG00000237298,Raja/ENST->ENSG,1,2.79,30,1.93,broad-RISK
TVRIFVYAL,LINC00632,Raja,-,-,0,0.00,0,0.00,unresolved
TVRIPFLL,XIST,Raja,-,-,0,0.00,0,0.00,unresolved
TWEHSLNHI,AC026202.2,Raja,ENSG00000233912,Raja/ENST->ENSG,1,3.77,9,3.77,other-restricted
VAAFSRTGVM,LINC01303,Raja,ENSG00000250548,Raja/ENST->ENSG,1,1.48,3,1.48,testis-restricted-CTA
VDTHLWEGLSF,AC068473.3,Raja,ENSG00000267287,Raja/ENST->ENSG,1,3.62,5,2.33,testis-restricted-CTA
VFLSSPFCP,LINC02434,HCC,ENSG00000248370,HCC/S23.gene_id,1,7.62,1,7.62,testis-restricted-CTA
VGLRQLLWK,AL713998.1,HCC,ENSG00000227706,HCC/S23.gene_id,1,1.80,1,1.80,testis-restricted-CTA
VLDNSLYIHYI,BDNF-AS,Raja,ENSG00000245573,Raja/ENST->ENSG,1,11.82,47,3.24,broad-RISK
VLFLHQPPK,AL139002.1,HCC,ENSG00000233379,HCC/S23.gene_id,1,0.65,0,0.65,normal-silent
VPASPGTRL,AL117335.1,Raja,ENSG00000276649,Raja/ENST->ENSG,1,10.56,31,0.71,broad-RISK
VPQEAVRAPL,MIR100HG,Raja,-,-,0,0.00,0,0.00,unresolved
VPRGVLGL,MUC20-OT1,Raja,-,-,0,0.00,0,0.00,unresolved
VPTGCRTSL,FAM83H-AS1,Raja,-,-,0,0.00,0,0.00,unresolved
VQVIGLTQV,CRYZL2P-SEC16B,Raja,ENSG00000254154,Raja/ENST->ENSG,0,0.00,0,0.00,unresolved
VRLIGHTQL,AP003392.4,Raja,ENSG00000255121,Raja/ENST->ENSG,1,3.64,24,1.78,other-restricted
VSFSPLSVL,LINC01895,HCC,ENSG00000259256,HCC/S23.gene_id,1,4.28,1,4.28,testis-restricted-CTA
VSLKDTSVL,CR381653.1,HCC,ENSG00000278932,HCC/S23.gene_id,1,0.23,0,0.16,normal-silent
VSRQLLAEL,AC092902.2,Raja,ENSG00000241288,Raja/ENST->ENSG,1,5.59,30,3.94,broad-RISK
VTSAVWLL,FP671120.4,HCC,ENSG00000278996,HCC/S23.gene_id,1,0.05,0,0.00,normal-silent
VTSEFYYK,LINC01194,HCC,ENSG00000248131,HCC/S23.gene_id,1,0.71,0,0.71,normal-silent
VTSWNRVLW,AC073370.1,HCC,ENSG00000230526,HCC/S23.gene_id,1,0.72,0,0.72,normal-silent
VVSVVSVVIV,AF117829.1,Raja,ENSG00000251136,Raja/ENST->ENSG,1,4.88,39,3.30,broad-RISK
WMSLDWELYV,AC079466.1,HCC,-,-,0,0.00,0,0.00,unresolved
WTLWLLWQE,LINC00200,HCC,ENSG00000229205,HCC/S23.gene_id,1,1.47,1,1.47,testis-restricted-CTA
YGSLLRPMEL,NAMA,Raja,ENSG00000271086,Raja/ENST->ENSG,1,2.63,1,2.63,testis-restricted-CTA
YHSSLYMY,TMEM161B-AS1,Raja,ENSG00000247828,Raja/ENST->ENSG,1,22.17,53,5.15,broad-RISK
YIYEDEVRL,AL162413.1,HCC,-,-,0,0.00,0,0.00,unresolved
YLYEDEVRL,AL162413.1,HCC,ENSG00000270372,HCC/S23.gene_id,1,0.47,0,0.47,normal-silent
YQEKQTWIF,AC068733.3,Raja,-,-,0,0.00,0,0.00,unresolved
YQGALKNEYY,AL357055.3,Raja,ENSG00000238198,Raja/ENST->ENSG,1,1.65,13,1.04,other-restricted
YQQRTYPLF,DUBR,Raja,ENSG00000243701,Raja/ENST->ENSG,1,23.00,48,10.32,broad-RISK
YYFFSRRSL,AC012184.3,Raja,ENSG00000261777,Raja/ENST->ENSG,1,4.72,14,4.72,other-restricted
