peptide,pseudogene_locus,matched_canonical_genes,implied_parent,parent_confirmed,parent_ribosomal,in_HLA_Ligand_Atlas_normal,any_normal_evidence
AASSIYSMY,GMPSP1,TP53BP2,GMPS,0,0,1,1
ADFEAHNIL,GMPSP1,GMPS,GMPS,1,0,0,0
ADLIAYLK,CYCSP49,CYCS,CYCS,1,0,0,0
AEAAALEVL,GMPSP1,ZWINT,GMPS,0,0,0,0
AEALPKQSV,BTF3P4,BTF3,BTF3,1,0,1,1
AEFKEAFSLF,AC098859.1,"CALM1,CALM2,CALM3",-,0,0,1,1
AEFVGVSHL,AC098859.1,NOB1,-,0,0,1,1
AEHFLEQQM,AC098859.1,CCT3,-,0,0,1,1
AEPEDHYFL,AC243972.2,"ACTR3,ACTR3B",-,0,0,0,0
ALDKALTSV,CYCSP49,CUL2,CYCS,0,0,1,1
ALIAAQYSGAQVR,ACTBP11,EEF1G,ACTB,0,0,0,0
ALSKEIYVI,ATP5PBP3,ATP5PB,ATP5PB,1,0,0,0
ALSSLIHAL,ACTBP11,XRCC5,ACTB,0,0,1,1
ALWTGMHTI,YWHAEP1,ANKFY1,YWHAE,0,0,1,1
AMMDLLVEL,AL772284.1,COBL,-,0,0,0,0
AMQDRYMEV,SF3A3P1,SF3A3,SF3A3,1,0,0,0
AQHDPLLTGV,GNG5P2,"GNG5,GNG5B",GNG5,1,0,1,1
AQNYDIPNLAK,AC092447.9,STMP1,-,0,0,0,0
ASDIAMTEL,YWHAEP1,YWHAE,YWHAE,1,0,0,0
ATLVFDVELLK,FKBP1AP1,"FKBP1A,FKBP1C",FKBP1A,1,0,0,0
ATYYHKASDQLQVG,AL589182.2,TOMM40,-,0,0,0,0
DEVAFRKF,RPS3AP12,RPS3A,RPS3A,1,1,1,1
DGKYSQVL,RPS18P13,RPS18,RPS18,1,1,1,1
DIKKILDSV,AP001024.1,RPLP2,-,0,1,0,1
DIVAGTIVVKR,FAM8A6P,FAM8A1,-,0,0,0,0
DLKTHIVSI,SF3A3P1,AFAP1,SF3A3,0,0,1,1
DLQNVNITLR,PHBP11,PHB1,PHB,0,0,0,0
DLTDYLMK,ACTBP11,"ACTA1,ACTA2,ACTB,ACTBL2,ACTC1,ACTG1,ACTG2",ACTB,1,0,0,0
DLYANTVLSGGTTMYPGIADR,ACTBP11,"ACTB,ACTG1",ACTB,1,0,0,0
DSLYAQGK,AP001086.1,RPL36A,-,0,1,0,1
DSYVGDEAQSK,ACTBP11,"ACTA1,ACTA2,ACTB,ACTC1,ACTG1,ACTG2",ACTB,1,0,0,0
DYHRYLAEF,YWHAEP1,YWHAE,YWHAE,1,0,0,0
EALPKQSV,BTF3P4,BTF3,BTF3,1,0,1,1
EALQDVEDENQ,AC092447.2,YWHAE,-,0,0,0,0
EEFVRLEEGSELEKK,PHBP11,NUP205,PHB,0,0,0,0
EEIFGPVMQILK,ACTBP11,ALDH2,ACTB,0,0,0,0
EEIHEYRR,ACTBP11,INA,ACTB,0,0,0,0
EEQKIVVKV,AL358472.1,RPL34,-,0,1,0,1
EGYGRYLDL,SF3A3P1,SF3A3,SF3A3,1,0,0,0
EIEAEIQALR,ACTBP11,NEFM,ACTB,0,0,0,0
ELGDGVEERRAEQLK,YWHAEP1,FHIP1B,YWHAE,0,0,0,0
ELTTKSSL,MKRN4P,"MKRN1,MKRN4P",-,0,0,0,0
EMLTKKSTL,SF3A3P1,SF3A3,SF3A3,1,0,1,1
ENGFEDRK,AC098859.1,NOB1,-,0,0,0,0
EPALNEANLSNLK,AC092447.2,PSME1,-,0,0,0,0
ERADLIAYL,CYCSP49,CYCS,CYCS,1,0,1,1
ETDLLDIRSEY,SF3A3P1,ANXA11,SF3A3,0,0,0,0
ETFDYIGSSR,ACTBP11,NCSTN,ACTB,0,0,1,1
FANSRDTSF,AC099677.3,FASN,-,0,0,1,1
FATEAAITILR,TCP1P3,TCP1,TCP1,1,0,0,0
FDVELLKLE,FKBP1AP1,"FKBP1A,FKBP1C",FKBP1A,1,0,0,0
FGKAPGTPH,RPL18P13,RPL18,RPL18,1,1,0,1
FLDESRSTQY,SF3A3P1,RUVBL2,SF3A3,0,0,1,1
FMSRTNRPPLSL,RPL18P13,RPL18,RPL18,1,1,0,1
FNHINVEL,AC013356.1,RPL9,-,0,1,0,1
FQSAAIGAL,AC099677.3,"H3-3A,H3Y1,H3Y2",-,0,0,1,1
FSDHHENKYL,CYCSP49,TRPC4AP,CYCS,0,0,0,0
FTDEEGYGRY,SF3A3P1,SF3A3,SF3A3,1,0,1,1
FWEVISDEHGIDPSGNYVGDSDLQLER,TCP1P3,TUBB3,TCP1,0,0,0,0
FYVPAEPKLAF,RPL7P26,RPL7,RPL7,1,1,0,1
GAHLDLSAF,SF3A3P1,SF3A3,SF3A3,1,0,1,1
GAMAVRRVL,TCP1P3,TCP1,TCP1,1,0,0,0
GEEQNKEAL,AC092447.2,YWHAE,-,0,0,0,0
GELPSWIL,SF3A3P1,ATP5MF,SF3A3,0,0,0,0
GHLENNPAL,AL161636.2,"RPLP0,RPLP0P6",-,0,1,1,1
GKDSLYAQGK,AP001086.1,RPL36A,-,0,1,0,1
GLAPDLPEDLYHLIK,AC013267.1,RPS13,-,0,1,0,1
GQIEVVKY,SF3A3P1,ANKRD52,SF3A3,0,0,1,1
GQQKLYQV,AC108022.1,NEDD9,-,0,0,1,1
GQQLLAHGHY,SF3A3P1,SPTAN1,SF3A3,0,0,1,1
GQRPTQPVY,SP3P,SMG9,-,0,0,1,1
GRLTKHTKF,AC073626.2,RPL36,-,0,1,1,1
GSVVQFKI,SUMO2P8,"SUMO2,SUMO3,SUMO4",SUMO2,1,0,1,1
HEPEPHIL,AL353705.4,"CKS1B,CKS2",-,0,0,0,0
HFELGGDK,AP001086.1,"RPL36A,RPL36AL",-,0,1,0,1
HFELGGDKK,AP001086.1,"RPL36A,RPL36AL",-,0,1,0,1
HFELGGDKKR,AP001086.1,"RPL36A,RPL36AL",-,0,1,0,1
HFFMPGFAPLTSR,ACTBP11,"TUBB,TUBB2A,TUBB2B,TUBB4A,TUBB4B,TUBB6,TUBB8,TUBB8B",ACTB,0,0,0,0
HGVVPLATY,AC108022.1,RPL21,-,0,1,0,1
HLNKGIKQV,GLULP4,GLUL,GLUL,1,0,0,0
HNLLASK,AC013267.1,SPTBN1,-,0,0,0,0
HPADKDYGL,PPP1R2P10,PPP1R2,PPP1R2,1,0,1,1
HPIIPEQSTF,SUGT1P2,SUGT1,SUGT1,1,0,0,0
HQAEYELNI,AC087499.4,DEF8,-,0,0,1,1
HTVDIEEK,UBBP3,SEPTIN5,UBB,0,0,0,0
IHEPEPHIL,AL353705.4,"CKS1B,CKS2",-,0,0,1,1
IHEPEPHILLF,AL353705.4,"CKS1B,CKS2",-,0,0,0,0
IIGINGDFFANM,TCP1P3,TCP1,TCP1,1,0,0,0
ILEPSLYTV,CYCSP49,COPZ1,CYCS,0,0,0,0
ILLHLESEL,KRT18P19,KRT18,KRT18,1,0,1,1
ILLSEPGLVKL,PHBP11,TAOK2,PHB,0,0,0,0
ILMEHIHKLKA,ACTBP11,RPL19,ACTB,0,1,0,1
ILMGVLKEV,ACTBP11,DHX15,ACTB,0,0,1,1
ILTERGYSF,ACTBP11,"ACTA1,ACTA2,ACTB,ACTC1,ACTG1,ACTG2",ACTB,1,0,0,0
IPENVDITL,AC013356.1,RPL9,-,0,1,0,1
IQKILATGANVIL,TCP1P3,TCP1,TCP1,1,0,0,0
ISFLENNLEQLTK,ACTBP11,"KIF5A,KIF5B,KIF5C",ACTB,0,0,0,0
ITLPVDFVTADK,SUGT1P2,PGK1,SUGT1,0,0,0,0
KERVEPHQL,AC109454.1,ATAT1,-,0,0,0,0
KIKSFVKVY,AL049830.1,RPL27,-,0,1,1,1
KLDETGNSL,ACTBP11,TOP2A,ACTB,0,0,1,1
KLDGSRLIKV,ACTBP11,RPS7,ACTB,0,1,0,1
KLYGKPIRV,ACTBP11,SF3B4,ACTB,0,0,1,1
KRHTPLSKL,SUMO2P8,"SUMO2,SUMO3",SUMO2,1,0,0,0
KRHTPLSKLM,SUMO2P8,"SUMO2,SUMO3",SUMO2,1,0,0,0
KSFSHSSSL,ZNF720P1,"ZNF135,ZNF256,ZNF483",ZNF720,0,0,0,0
KVQEPQGKAK,AL357373.1,VKORC1,-,0,0,0,0
KYGPVFSF,AC092447.2,CYP51A1,-,0,0,1,1
KYQEVTNNLEF,ACTBP11,CAPRIN1,ACTB,0,0,0,0
LALAMELSR,BCL2L12P1,BCL2L12,BCL2L12,1,0,0,0
LDLAGRDLTDYLMK,ACTBP11,"ACTA1,ACTA2,ACTB,ACTBL2,ACTC1,ACTG1,ACTG2",ACTB,1,0,0,0
LEAGLNSVKVSQAAADL,GNG5P2,GNG5B,GNG5,0,0,0,0
LFQQIYSDGSDEVK,SUGT1P2,SUGT1,SUGT1,1,0,0,0
LLFKEGVMV,AC109454.1,"RPS10,RPS10P5",-,0,1,0,1
LLFKEGVMVA,AC109454.1,"RPS10,RPS10P5",-,0,1,0,1
LNFHVFLEY,SNX6P1,SNX6,SNX6,1,0,1,1
LPEDLYHLI,AC013267.1,RPS13,-,0,1,0,1
LQKMMVVAL,FAM8A6P,FAM8A1,-,0,0,0,0
LSSAEENEPSQAETAVE,AC104131.1,ARK2N,-,0,0,0,0
LYTDSMFTI,RNASEH1P1,RNASEH1,RNASEH1,1,0,0,0
MLFGHPLLV,ACTBP11,USP11,ACTB,0,0,1,1
MRYVASYL,AP001024.1,RPLP2,-,0,1,0,1
MRYVASYLL,AP001024.1,RPLP2,-,0,1,0,1
MRYVASYLLAALG,AP001024.1,RPLP2,-,0,1,0,1
MRYVASYLLAALGG,AP001024.1,RPLP2,-,0,1,0,1
MRYVASYLLAALGGN,AP001024.1,RPLP2,-,0,1,0,1
NEIPVEVVL,GMPSP1,GMPS,GMPS,1,0,0,0
NVPDVYTQI,TCP1P3,SPAG16,TCP1,0,0,1,1
NVRRQATTIIADNIIFLSDQT,GMPSP1,SSBP1,GMPS,0,0,0,0
NYLNHWNHF,SF3A3P1,FN3K,SF3A3,0,0,1,1
PERDSEPF,AC007238.1,IK,-,0,0,0,0
QHDPLLTGV,GNG5P2,"GNG5,GNG5B",GNG5,1,0,0,0
QTSATFLRV,PSMC1P3,PSMC1,PSMC1,1,0,1,1
RAFTCDDLFRF,AC099677.3,NAA20,-,0,0,0,0
RDFVARNV,AC109454.1,PEG10,-,0,0,1,1
RDSHGVAQVRF,AC013267.1,RPS13,-,0,1,0,1
REIQTAVRL,HIST1H2BPS2,"H2BC1,H2BC11,H2BC12,H2BC12L,H2BC13,H2BC14,H2BC15,H2BC17,H2BC18,H2BC21,H2BC3,H2BC4,H2BC5,H2BC9",-,0,0,1,1
RELEKLFQL,AP001858.2,"PTTG1,PTTG3P",-,0,0,1,1
RFTPPIYQP,MRPL45P1,MRPL45,MRPL45,1,1,0,1
RILDGKRIQY,SF3A3P1,SH3BGRL3,SF3A3,0,0,1,1
RLNKVISEL,AP001024.1,RPLP2,-,0,1,0,1
RLNPNASRK,AC098859.1,NOB1,-,0,0,0,0
RLNPNASRKK,AC098859.1,NOB1,-,0,0,0,0
RLNPNASRKKF,AC098859.1,NOB1,-,0,0,0,0
RLNPNASRKKFV,AC098859.1,NOB1,-,0,0,0,0
RLSETDFKV,AL158050.1,WTAP,-,0,0,1,1
RLSETDFKVM,AL158050.1,WTAP,-,0,0,0,0
RMTVVVLKA,ACTBP11,SYT11,ACTB,0,0,0,0
RPQKVCSFL,GNG5P2,"GNG5,GNG5B",GNG5,1,0,1,1
RPRHQGVMV,ACTBP11,"ACTA1,ACTA2,ACTB,ACTBL2,ACTC1,ACTG1,ACTG2",ACTB,1,0,0,0
RPYSHALVA,AL049830.1,RPL27,-,0,1,0,1
RQADFEAHNI,GMPSP1,GMPS,GMPS,1,0,0,0
RQGTRNKKL,AC007238.1,IK,-,0,0,0,0
RQHLQATGV,MKRN4P,CUL3,-,0,0,1,1
RQIDQFLVVA,SUGT1P2,"MTA2,MTA3",SUGT1,0,0,0,0
RQVQPEGPYRV,AC108022.1,FASN,-,0,0,0,0
RRENILVMR,AL158050.1,WTAP,-,0,0,0,0
RVAKVTGGAA,AC005262.1,RPL35,-,0,1,0,1
RYMEVSGNL,SF3A3P1,SF3A3,SF3A3,1,0,1,1
SAKDIKKILDSVG,AP001024.1,RPLP2,-,0,1,0,1
SDEMVVELIEKNLETP,AK2P2,AK2,AK2,1,0,0,0
SDTLSSAEENEPSQAETA,AC104131.1,ARK2N,-,0,0,0,0
SEAYLVGL,AC099677.3,"H3-3A,H3-5,H3C15",-,0,0,0,0
SEKLDYITY,SF3A3P1,SF3A3,SF3A3,1,0,1,1
SETDFKVMA,AL158050.1,WTAP,-,0,0,1,1
SLAGDVALQQL,NCAPD2P1,NCAPD2,NCAPD2,1,0,1,1
SLFAKNPKSK,SF3A3P1,SF3A3,SF3A3,1,0,0,0
SLGPVLPVV,EZH2P1,HEY1,EZH2,0,0,0,0
SLHDAIMIV,AC009302.1,CCT7,-,0,0,1,1
SLHDALCVV,TCP1P3,TCP1,TCP1,1,0,0,0
SRLKSILKL,AC009302.1,LLPH,-,0,0,1,1
SRSGGGGGGGLGSGGSIR,UBBP3,KRT9,UBB,0,0,0,0
SRTNRPPLSL,RPL18P13,RPL18,RPL18,1,1,0,1
SSLSSAQADFNQLAELDR,TCP1P3,SPTAN1,TCP1,0,0,0,0
SSSTNPFRPQK,GNG5P2,"GNG5,GNG5B",GNG5,1,0,0,0
STFNQVVLK,RPL18P13,RPL18,RPL18,1,1,1,1
STNPFRPQK,GNG5P2,"GNG5,GNG5B",GNG5,1,0,1,1
SVITQVFHV,YWHAEP1,HDLBP,YWHAE,0,0,1,1
SVNPNCYAK,EZH2P1,"EZH1,EZH2",EZH2,1,0,0,0
SYLEPGSIRHI,ACTBP11,POLE,ACTB,0,0,0,0
TDYLMKIL,ACTBP11,"ACTA1,ACTA2,ACTB,ACTBL2,ACTC1,ACTG1,ACTG2,POTEI,POTEJ,POTEKP",ACTB,1,0,0,0
TEFDARKLHKL,GMPSP1,"CHD1,CHD2",GMPS,0,0,0,0
TELTTKSSL,MKRN4P,"MKRN1,MKRN4P",-,0,0,0,0
TESQVVITL,SUGT1P2,SUGT1,SUGT1,1,0,1,1
TLTGKTITL,UBBP3,"RPS27A,UBA52,UBB,UBC",UBB,1,1,0,1
TLYNPERTITVK,AC092447.1,"IGF2BP1,IGF2BP3",-,0,0,0,0
TQHAVGIVV,AC108022.1,RPL21,-,0,1,1,1
TQPHPNTVY,SF3A3P1,STMN3,SF3A3,0,0,1,1
TSDDVKEQIY,AC013267.1,RPS13,-,0,1,1,1
TTNDIVISK,AC007238.1,IK,-,0,0,1,1
VAYGKGTYF,SUMO2P8,PARP14,SUMO2,0,0,1,1
VEKAPQETY,PSMC1P3,PSMC1,PSMC1,1,0,1,1
VFDVELLKLE,FKBP1AP1,"FKBP1A,FKBP1C",FKBP1A,1,0,0,0
VLFPGNSTQY,EZH2P1,MAP1B,EZH2,0,0,1,1
VLMKDVQEI,AC009302.1,LLPH,-,0,0,0,0
VRKSASPEV,RNASEH1P1,RNASEH1,RNASEH1,1,0,0,0
VRPKVVRSV,UBBP3,MCM3,UBB,0,0,0,0
VRPPVQVY,CYCSP49,ATP5PO,CYCS,0,0,1,1
VSDILHSIFSSY,AC099677.3,IPO5,-,0,0,0,0
VSQAAADLK,GNG5P2,"GNG5,GNG5B",GNG5,1,0,0,0
VSSSTNPFRPQK,GNG5P2,"GNG5,GNG5B",GNG5,1,0,0,0
VTKNVSKPR,AC073626.2,RPL36,-,0,1,0,1
VVDPFSK,RPS3AP12,RPS3A,RPS3A,1,1,0,1
VYDTNPAKF,ACTBP11,GLTP,ACTB,0,0,1,1
VYSQILRKL,ACTBP11,NUP85,ACTB,0,0,0,0
YAKLRQQEI,AC007238.1,IK,-,0,0,1,1
YALPHAIL,ACTBP11,"ACTB,ACTBL2,ACTG1",ACTB,1,0,0,0
YDVTRNSY,HOMER2P2,HOMER2,HOMER2,1,0,0,0
YFPPKGYAF,SUGT1P2,"CPEB2,CPEB3,CPEB4",SUGT1,0,0,0,0
YFVEAGAMAVR,TCP1P3,TCP1,TCP1,1,0,0,0
YLAEFATGNDRK,YWHAEP1,YWHAE,YWHAE,1,0,0,0
YPQFEQSET,AC092447.1,IGF2BP3,-,0,0,0,0
YSQADALKY,EZH2P1,"EZH1,EZH2",EZH2,1,0,1,1
